target,target_tss,locus_chrom,locus_start,locus_end,locus_midpoint,locus_width_bp,distance_to_tss_bp,distance_band,n_experiments_supporting,n_experiments_at_bed10,n_experiments_at_bed05,support_pattern,support_concentration_metric_bp,supporting_experiment_ids,biosample_summary,candidate_tier,justification
SFTPC,chr8:22156913 (+),chr8,22010225,22010304,22010264,79,-146649,100-200kb_upstream,1,0,1,concentrated,79,SRX2164786,cancer_lung_line=1,low_priority_or_likely_noise,"Low-priority candidate (single experiment); likely noise or cell-line-specific. Tier driven by bed10 support count = 0 (any-threshold = 1). Locus is concentrated (width = 79 bp), in band 100-200kb_upstream relative to SFTPC TSS. Candidate-level only: cancer-line ChIP does not establish developmental binding; locus-distance proximity does not establish regulatory contact."
SFTPC,chr8:22156913 (+),chr8,22054139,22054257,22054198,118,-102715,100-200kb_upstream,1,1,1,concentrated,118,SRX2164786,cancer_lung_line=1,low_priority_or_likely_noise,"Low-priority candidate (single experiment); likely noise or cell-line-specific. Tier driven by bed10 support count = 1 (any-threshold = 1). Locus is concentrated (width = 118 bp), in band 100-200kb_upstream relative to SFTPC TSS. Candidate-level only: cancer-line ChIP does not establish developmental binding; locus-distance proximity does not establish regulatory contact."
SFTPC,chr8:22156913 (+),chr8,22060313,22061593,22060953,1280,-95960,50-100kb_upstream,1,0,1,moderately_concentrated,1280,SRX2164786,cancer_lung_line=1,low_priority_or_likely_noise,"Low-priority candidate (single experiment); likely noise or cell-line-specific. Tier driven by bed10 support count = 0 (any-threshold = 1). Locus is moderately_concentrated (width = 1280 bp), in band 50-100kb_upstream relative to SFTPC TSS. Candidate-level only: cancer-line ChIP does not establish developmental binding; locus-distance proximity does not establish regulatory contact."
SFTPC,chr8:22156913 (+),chr8,22092696,22093238,22092967,542,-63946,50-100kb_upstream,7,5,7,concentrated,542,SRX12008014;SRX12008015;SRX174817;SRX174819;SRX2164786;SRX366169;SRX366170,cancer_lung_line=7,strong_distal_candidate,"Strong distal candidate: warrants Hi-C / promoter-capture / perturbation follow-up. Tier driven by bed10 support count = 5 (any-threshold = 7). Locus is concentrated (width = 542 bp), in band 50-100kb_upstream relative to SFTPC TSS. Candidate-level only: cancer-line ChIP does not establish developmental binding; locus-distance proximity does not establish regulatory contact."
SFTPC,chr8:22156913 (+),chr8,22101487,22101584,22101535,97,-55378,50-100kb_upstream,1,1,1,concentrated,97,SRX2164786,cancer_lung_line=1,low_priority_or_likely_noise,"Low-priority candidate (single experiment); likely noise or cell-line-specific. Tier driven by bed10 support count = 1 (any-threshold = 1). Locus is concentrated (width = 97 bp), in band 50-100kb_upstream relative to SFTPC TSS. Candidate-level only: cancer-line ChIP does not establish developmental binding; locus-distance proximity does not establish regulatory contact."
SFTPC,chr8:22156913 (+),chr8,22210828,22211217,22211022,389,54109,50-100kb_downstream,3,2,3,concentrated,389,SRX2164786;SRX366169;SRX366170,cancer_lung_line=3,weak_distal_candidate,"Weak distal candidate. Tier driven by bed10 support count = 2 (any-threshold = 3). Locus is concentrated (width = 389 bp), in band 50-100kb_downstream relative to SFTPC TSS. Candidate-level only: cancer-line ChIP does not establish developmental binding; locus-distance proximity does not establish regulatory contact."
SFTPC,chr8:22156913 (+),chr8,22225020,22225264,22225142,244,68229,50-100kb_downstream,1,0,1,concentrated,244,SRX12008017,cancer_lung_line=1,low_priority_or_likely_noise,"Low-priority candidate (single experiment); likely noise or cell-line-specific. Tier driven by bed10 support count = 0 (any-threshold = 1). Locus is concentrated (width = 244 bp), in band 50-100kb_downstream relative to SFTPC TSS. Candidate-level only: cancer-line ChIP does not establish developmental binding; locus-distance proximity does not establish regulatory contact."
SFTPC,chr8:22156913 (+),chr8,22227824,22228068,22227946,244,71033,50-100kb_downstream,3,3,3,concentrated,244,SRX2164786;SRX366169;SRX366170,cancer_lung_line=3,moderate_distal_candidate,"Moderate distal candidate. Tier driven by bed10 support count = 3 (any-threshold = 3). Locus is concentrated (width = 244 bp), in band 50-100kb_downstream relative to SFTPC TSS. Candidate-level only: cancer-line ChIP does not establish developmental binding; locus-distance proximity does not establish regulatory contact."
SFTPC,chr8:22156913 (+),chr8,22237408,22237523,22237465,115,80552,50-100kb_downstream,1,1,1,concentrated,115,SRX2164786,cancer_lung_line=1,low_priority_or_likely_noise,"Low-priority candidate (single experiment); likely noise or cell-line-specific. Tier driven by bed10 support count = 1 (any-threshold = 1). Locus is concentrated (width = 115 bp), in band 50-100kb_downstream relative to SFTPC TSS. Candidate-level only: cancer-line ChIP does not establish developmental binding; locus-distance proximity does not establish regulatory contact."
SFTPC,chr8:22156913 (+),chr8,22245176,22245423,22245299,247,88386,50-100kb_downstream,5,0,5,concentrated,247,SRX12008015;SRX174819;SRX2164786;SRX366169;SRX366170,cancer_lung_line=5,moderate_distal_candidate,"Moderate distal candidate. Tier driven by bed10 support count = 0 (any-threshold = 5). Locus is concentrated (width = 247 bp), in band 50-100kb_downstream relative to SFTPC TSS. Candidate-level only: cancer-line ChIP does not establish developmental binding; locus-distance proximity does not establish regulatory contact."
SFTPC,chr8:22156913 (+),chr8,22274200,22274455,22274327,255,117414,100-200kb_downstream,1,1,1,concentrated,255,SRX2164786,cancer_lung_line=1,low_priority_or_likely_noise,"Low-priority candidate (single experiment); likely noise or cell-line-specific. Tier driven by bed10 support count = 1 (any-threshold = 1). Locus is concentrated (width = 255 bp), in band 100-200kb_downstream relative to SFTPC TSS. Candidate-level only: cancer-line ChIP does not establish developmental binding; locus-distance proximity does not establish regulatory contact."
SFTPC,chr8:22156913 (+),chr8,22287409,22287721,22287565,312,130652,100-200kb_downstream,1,1,1,concentrated,312,SRX2164786,cancer_lung_line=1,low_priority_or_likely_noise,"Low-priority candidate (single experiment); likely noise or cell-line-specific. Tier driven by bed10 support count = 1 (any-threshold = 1). Locus is concentrated (width = 312 bp), in band 100-200kb_downstream relative to SFTPC TSS. Candidate-level only: cancer-line ChIP does not establish developmental binding; locus-distance proximity does not establish regulatory contact."
SFTPC,chr8:22156913 (+),chr8,22290653,22290863,22290758,210,133845,100-200kb_downstream,1,1,1,concentrated,210,SRX2164786,cancer_lung_line=1,low_priority_or_likely_noise,"Low-priority candidate (single experiment); likely noise or cell-line-specific. Tier driven by bed10 support count = 1 (any-threshold = 1). Locus is concentrated (width = 210 bp), in band 100-200kb_downstream relative to SFTPC TSS. Candidate-level only: cancer-line ChIP does not establish developmental binding; locus-distance proximity does not establish regulatory contact."
SFTPC,chr8:22156913 (+),chr8,22292335,22292505,22292420,170,135507,100-200kb_downstream,1,1,1,concentrated,170,SRX2164786,cancer_lung_line=1,low_priority_or_likely_noise,"Low-priority candidate (single experiment); likely noise or cell-line-specific. Tier driven by bed10 support count = 1 (any-threshold = 1). Locus is concentrated (width = 170 bp), in band 100-200kb_downstream relative to SFTPC TSS. Candidate-level only: cancer-line ChIP does not establish developmental binding; locus-distance proximity does not establish regulatory contact."
SFTPC,chr8:22156913 (+),chr8,22327571,22327804,22327687,233,170774,100-200kb_downstream,3,2,3,concentrated,233,SRX2164786;SRX366169;SRX366170,cancer_lung_line=3,weak_distal_candidate,"Weak distal candidate. Tier driven by bed10 support count = 2 (any-threshold = 3). Locus is concentrated (width = 233 bp), in band 100-200kb_downstream relative to SFTPC TSS. Candidate-level only: cancer-line ChIP does not establish developmental binding; locus-distance proximity does not establish regulatory contact."
SFTPC,chr8:22156913 (+),chr8,22336118,22336249,22336183,131,179270,100-200kb_downstream,2,0,2,concentrated,131,SRX366169;SRX366170,cancer_lung_line=2,weak_distal_candidate,"Weak distal candidate. Tier driven by bed10 support count = 0 (any-threshold = 2). Locus is concentrated (width = 131 bp), in band 100-200kb_downstream relative to SFTPC TSS. Candidate-level only: cancer-line ChIP does not establish developmental binding; locus-distance proximity does not establish regulatory contact."
SFTPC,chr8:22156913 (+),chr8,22352775,22353098,22352936,323,196023,100-200kb_downstream,5,3,5,concentrated,323,SRX12008015;SRX174819;SRX2164786;SRX366169;SRX366170,cancer_lung_line=5,moderate_distal_candidate,"Moderate distal candidate. Tier driven by bed10 support count = 3 (any-threshold = 5). Locus is concentrated (width = 323 bp), in band 100-200kb_downstream relative to SFTPC TSS. Candidate-level only: cancer-line ChIP does not establish developmental binding; locus-distance proximity does not establish regulatory contact."
SCGB1A1,chr11:62405103 (+),chr11,62208144,62208919,62208531,775,-196572,100-200kb_upstream,6,1,6,concentrated,775,SRX12008006;SRX12008007;SRX12008015;SRX12008017;SRX174819;SRX2164786,cancer_lung_line=6,moderate_distal_candidate,"Moderate distal candidate. Tier driven by bed10 support count = 1 (any-threshold = 6). Locus is concentrated (width = 775 bp), in band 100-200kb_upstream relative to SCGB1A1 TSS. Candidate-level only: cancer-line ChIP does not establish developmental binding; locus-distance proximity does not establish regulatory contact."
SCGB1A1,chr11:62405103 (+),chr11,62217313,62217392,62217352,79,-187751,100-200kb_upstream,1,0,1,concentrated,79,SRX2164786,cancer_lung_line=1,low_priority_or_likely_noise,"Low-priority candidate (single experiment); likely noise or cell-line-specific. Tier driven by bed10 support count = 0 (any-threshold = 1). Locus is concentrated (width = 79 bp), in band 100-200kb_upstream relative to SCGB1A1 TSS. Candidate-level only: cancer-line ChIP does not establish developmental binding; locus-distance proximity does not establish regulatory contact."
SCGB1A1,chr11:62405103 (+),chr11,62245367,62245446,62245406,79,-159697,100-200kb_upstream,1,0,1,concentrated,79,SRX2164786,cancer_lung_line=1,low_priority_or_likely_noise,"Low-priority candidate (single experiment); likely noise or cell-line-specific. Tier driven by bed10 support count = 0 (any-threshold = 1). Locus is concentrated (width = 79 bp), in band 100-200kb_upstream relative to SCGB1A1 TSS. Candidate-level only: cancer-line ChIP does not establish developmental binding; locus-distance proximity does not establish regulatory contact."
SCGB1A1,chr11:62405103 (+),chr11,62267214,62267319,62267266,105,-137837,100-200kb_upstream,1,1,1,concentrated,105,SRX2164786,cancer_lung_line=1,low_priority_or_likely_noise,"Low-priority candidate (single experiment); likely noise or cell-line-specific. Tier driven by bed10 support count = 1 (any-threshold = 1). Locus is concentrated (width = 105 bp), in band 100-200kb_upstream relative to SCGB1A1 TSS. Candidate-level only: cancer-line ChIP does not establish developmental binding; locus-distance proximity does not establish regulatory contact."
SCGB1A1,chr11:62405103 (+),chr11,62279980,62280175,62280077,195,-125026,100-200kb_upstream,2,1,2,concentrated,195,SRX366169;SRX366170,cancer_lung_line=2,weak_distal_candidate,"Weak distal candidate. Tier driven by bed10 support count = 1 (any-threshold = 2). Locus is concentrated (width = 195 bp), in band 100-200kb_upstream relative to SCGB1A1 TSS. Candidate-level only: cancer-line ChIP does not establish developmental binding; locus-distance proximity does not establish regulatory contact."
SCGB1A1,chr11:62405103 (+),chr11,62295650,62295749,62295699,99,-109404,100-200kb_upstream,1,0,1,concentrated,99,SRX2164786,cancer_lung_line=1,low_priority_or_likely_noise,"Low-priority candidate (single experiment); likely noise or cell-line-specific. Tier driven by bed10 support count = 0 (any-threshold = 1). Locus is concentrated (width = 99 bp), in band 100-200kb_upstream relative to SCGB1A1 TSS. Candidate-level only: cancer-line ChIP does not establish developmental binding; locus-distance proximity does not establish regulatory contact."
SCGB1A1,chr11:62405103 (+),chr11,62311264,62311464,62311364,200,-93739,50-100kb_upstream,4,2,4,concentrated,200,SRX12008015;SRX174819;SRX2164786;SRX366169,cancer_lung_line=4,weak_distal_candidate,"Weak distal candidate. Tier driven by bed10 support count = 2 (any-threshold = 4). Locus is concentrated (width = 200 bp), in band 50-100kb_upstream relative to SCGB1A1 TSS. Candidate-level only: cancer-line ChIP does not establish developmental binding; locus-distance proximity does not establish regulatory contact."
SCGB1A1,chr11:62405103 (+),chr11,62326687,62326970,62326828,283,-78275,50-100kb_upstream,6,5,6,concentrated,283,SRX12008015;SRX174815;SRX174819;SRX2164786;SRX366169;SRX366170,cancer_lung_line=6,strong_distal_candidate,"Strong distal candidate: warrants Hi-C / promoter-capture / perturbation follow-up. Tier driven by bed10 support count = 5 (any-threshold = 6). Locus is concentrated (width = 283 bp), in band 50-100kb_upstream relative to SCGB1A1 TSS. Candidate-level only: cancer-line ChIP does not establish developmental binding; locus-distance proximity does not establish regulatory contact."
SCGB1A1,chr11:62405103 (+),chr11,62337230,62337470,62337350,240,-67753,50-100kb_upstream,3,2,3,concentrated,240,SRX12008015;SRX174819;SRX2164786,cancer_lung_line=3,weak_distal_candidate,"Weak distal candidate. Tier driven by bed10 support count = 2 (any-threshold = 3). Locus is concentrated (width = 240 bp), in band 50-100kb_upstream relative to SCGB1A1 TSS. Candidate-level only: cancer-line ChIP does not establish developmental binding; locus-distance proximity does not establish regulatory contact."
SCGB1A1,chr11:62405103 (+),chr11,62341032,62341340,62341186,308,-63917,50-100kb_upstream,1,0,1,concentrated,308,SRX12008017,cancer_lung_line=1,low_priority_or_likely_noise,"Low-priority candidate (single experiment); likely noise or cell-line-specific. Tier driven by bed10 support count = 0 (any-threshold = 1). Locus is concentrated (width = 308 bp), in band 50-100kb_upstream relative to SCGB1A1 TSS. Candidate-level only: cancer-line ChIP does not establish developmental binding; locus-distance proximity does not establish regulatory contact."
SCGB1A1,chr11:62405103 (+),chr11,62472326,62472907,62472616,581,67513,50-100kb_downstream,5,3,5,concentrated,581,SRX12008015;SRX174819;SRX2164786;SRX366169;SRX366170,cancer_lung_line=5,moderate_distal_candidate,"Moderate distal candidate. Tier driven by bed10 support count = 3 (any-threshold = 5). Locus is concentrated (width = 581 bp), in band 50-100kb_downstream relative to SCGB1A1 TSS. Candidate-level only: cancer-line ChIP does not establish developmental binding; locus-distance proximity does not establish regulatory contact."
SCGB1A1,chr11:62405103 (+),chr11,62487757,62487960,62487858,203,82755,50-100kb_downstream,1,0,1,concentrated,203,SRX12008017,cancer_lung_line=1,low_priority_or_likely_noise,"Low-priority candidate (single experiment); likely noise or cell-line-specific. Tier driven by bed10 support count = 0 (any-threshold = 1). Locus is concentrated (width = 203 bp), in band 50-100kb_downstream relative to SCGB1A1 TSS. Candidate-level only: cancer-line ChIP does not establish developmental binding; locus-distance proximity does not establish regulatory contact."
SCGB1A1,chr11:62405103 (+),chr11,62497136,62497594,62497365,458,92262,50-100kb_downstream,6,6,6,concentrated,458,SRX12008015;SRX174819;SRX2164786;SRX2164788;SRX366169;SRX366170,cancer_lung_line=6,strong_distal_candidate,"Strong distal candidate: warrants Hi-C / promoter-capture / perturbation follow-up. Tier driven by bed10 support count = 6 (any-threshold = 6). Locus is concentrated (width = 458 bp), in band 50-100kb_downstream relative to SCGB1A1 TSS. Candidate-level only: cancer-line ChIP does not establish developmental binding; locus-distance proximity does not establish regulatory contact."
SCGB1A1,chr11:62405103 (+),chr11,62501499,62501733,62501616,234,96513,50-100kb_downstream,1,0,1,concentrated,234,SRX12008017,cancer_lung_line=1,low_priority_or_likely_noise,"Low-priority candidate (single experiment); likely noise or cell-line-specific. Tier driven by bed10 support count = 0 (any-threshold = 1). Locus is concentrated (width = 234 bp), in band 50-100kb_downstream relative to SCGB1A1 TSS. Candidate-level only: cancer-line ChIP does not establish developmental binding; locus-distance proximity does not establish regulatory contact."
SCGB1A1,chr11:62405103 (+),chr11,62504368,62504740,62504554,372,99451,50-100kb_downstream,4,3,4,concentrated,372,SRX174815;SRX2164786;SRX366169;SRX366170,cancer_lung_line=4,moderate_distal_candidate,"Moderate distal candidate. Tier driven by bed10 support count = 3 (any-threshold = 4). Locus is concentrated (width = 372 bp), in band 50-100kb_downstream relative to SCGB1A1 TSS. Candidate-level only: cancer-line ChIP does not establish developmental binding; locus-distance proximity does not establish regulatory contact."
SCGB1A1,chr11:62405103 (+),chr11,62509802,62509945,62509873,143,104770,100-200kb_downstream,1,1,1,concentrated,143,SRX2164786,cancer_lung_line=1,low_priority_or_likely_noise,"Low-priority candidate (single experiment); likely noise or cell-line-specific. Tier driven by bed10 support count = 1 (any-threshold = 1). Locus is concentrated (width = 143 bp), in band 100-200kb_downstream relative to SCGB1A1 TSS. Candidate-level only: cancer-line ChIP does not establish developmental binding; locus-distance proximity does not establish regulatory contact."
SCGB1A1,chr11:62405103 (+),chr11,62534332,62534655,62534493,323,129390,100-200kb_downstream,10,3,10,concentrated,323,SRX12008006;SRX12008007;SRX12008008;SRX12008010;SRX12008011;SRX12008017;SRX12008018;SRX2164786;SRX366169;SRX366170,cancer_lung_line=10,strong_distal_candidate,"Strong distal candidate: warrants Hi-C / promoter-capture / perturbation follow-up. Tier driven by bed10 support count = 3 (any-threshold = 10). Locus is concentrated (width = 323 bp), in band 100-200kb_downstream relative to SCGB1A1 TSS. Candidate-level only: cancer-line ChIP does not establish developmental binding; locus-distance proximity does not establish regulatory contact."
SCGB1A1,chr11:62405103 (+),chr11,62543339,62543487,62543413,148,138310,100-200kb_downstream,3,1,3,concentrated,148,SRX2164786;SRX366169;SRX366170,cancer_lung_line=3,weak_distal_candidate,"Weak distal candidate. Tier driven by bed10 support count = 1 (any-threshold = 3). Locus is concentrated (width = 148 bp), in band 100-200kb_downstream relative to SCGB1A1 TSS. Candidate-level only: cancer-line ChIP does not establish developmental binding; locus-distance proximity does not establish regulatory contact."
SCGB1A1,chr11:62405103 (+),chr11,62545610,62545880,62545745,270,140642,100-200kb_downstream,2,1,2,concentrated,270,SRX366169;SRX366170,cancer_lung_line=2,weak_distal_candidate,"Weak distal candidate. Tier driven by bed10 support count = 1 (any-threshold = 2). Locus is concentrated (width = 270 bp), in band 100-200kb_downstream relative to SCGB1A1 TSS. Candidate-level only: cancer-line ChIP does not establish developmental binding; locus-distance proximity does not establish regulatory contact."
SCGB1A1,chr11:62405103 (+),chr11,62553500,62554330,62553915,830,148812,100-200kb_downstream,3,3,3,concentrated,830,SRX2164786;SRX366169;SRX366170,cancer_lung_line=3,moderate_distal_candidate,"Moderate distal candidate. Tier driven by bed10 support count = 3 (any-threshold = 3). Locus is concentrated (width = 830 bp), in band 100-200kb_downstream relative to SCGB1A1 TSS. Candidate-level only: cancer-line ChIP does not establish developmental binding; locus-distance proximity does not establish regulatory contact."
SCGB1A1,chr11:62405103 (+),chr11,62556475,62557472,62556973,997,151870,100-200kb_downstream,5,2,5,concentrated,997,SRX12008015;SRX174819;SRX2164786;SRX366169;SRX366170,cancer_lung_line=5,moderate_distal_candidate,"Moderate distal candidate. Tier driven by bed10 support count = 2 (any-threshold = 5). Locus is concentrated (width = 997 bp), in band 100-200kb_downstream relative to SCGB1A1 TSS. Candidate-level only: cancer-line ChIP does not establish developmental binding; locus-distance proximity does not establish regulatory contact."
SCGB1A1,chr11:62405103 (+),chr11,62560558,62560948,62560753,390,155650,100-200kb_downstream,6,4,6,concentrated,390,SRX12008015;SRX174815;SRX174819;SRX2164786;SRX366169;SRX366170,cancer_lung_line=6,moderate_distal_candidate,"Moderate distal candidate. Tier driven by bed10 support count = 4 (any-threshold = 6). Locus is concentrated (width = 390 bp), in band 100-200kb_downstream relative to SCGB1A1 TSS. Candidate-level only: cancer-line ChIP does not establish developmental binding; locus-distance proximity does not establish regulatory contact."
SCGB1A1,chr11:62405103 (+),chr11,62573848,62574212,62574030,364,168927,100-200kb_downstream,4,2,4,concentrated,364,SRX12008015;SRX174819;SRX2164786;SRX366169,cancer_lung_line=4,weak_distal_candidate,"Weak distal candidate. Tier driven by bed10 support count = 2 (any-threshold = 4). Locus is concentrated (width = 364 bp), in band 100-200kb_downstream relative to SCGB1A1 TSS. Candidate-level only: cancer-line ChIP does not establish developmental binding; locus-distance proximity does not establish regulatory contact."
SCGB1A1,chr11:62405103 (+),chr11,62591442,62591746,62591594,304,186491,100-200kb_downstream,5,2,5,concentrated,304,SRX12008015;SRX174819;SRX2164786;SRX366169;SRX366170,cancer_lung_line=5,moderate_distal_candidate,"Moderate distal candidate. Tier driven by bed10 support count = 2 (any-threshold = 5). Locus is concentrated (width = 304 bp), in band 100-200kb_downstream relative to SCGB1A1 TSS. Candidate-level only: cancer-line ChIP does not establish developmental binding; locus-distance proximity does not establish regulatory contact."
SCGB1A1,chr11:62405103 (+),chr11,62593667,62593788,62593727,121,188624,100-200kb_downstream,2,1,2,concentrated,121,SRX2164786;SRX366169,cancer_lung_line=2,weak_distal_candidate,"Weak distal candidate. Tier driven by bed10 support count = 1 (any-threshold = 2). Locus is concentrated (width = 121 bp), in band 100-200kb_downstream relative to SCGB1A1 TSS. Candidate-level only: cancer-line ChIP does not establish developmental binding; locus-distance proximity does not establish regulatory contact."
SCGB1A1,chr11:62405103 (+),chr11,62599262,62599483,62599372,221,194269,100-200kb_downstream,2,0,2,concentrated,221,SRX2164786;SRX366169,cancer_lung_line=2,weak_distal_candidate,"Weak distal candidate. Tier driven by bed10 support count = 0 (any-threshold = 2). Locus is concentrated (width = 221 bp), in band 100-200kb_downstream relative to SCGB1A1 TSS. Candidate-level only: cancer-line ChIP does not establish developmental binding; locus-distance proximity does not establish regulatory contact."
ABCA3,chr16:2340749 (-),chr16,2140722,2140830,2140776,108,199973,100-200kb_downstream,1,1,1,concentrated,108,SRX2164786,cancer_lung_line=1,low_priority_or_likely_noise,"Low-priority candidate (single experiment); likely noise or cell-line-specific. Tier driven by bed10 support count = 1 (any-threshold = 1). Locus is concentrated (width = 108 bp), in band 100-200kb_downstream relative to ABCA3 TSS. Candidate-level only: cancer-line ChIP does not establish developmental binding; locus-distance proximity does not establish regulatory contact."
ABCA3,chr16:2340749 (-),chr16,2143414,2143863,2143638,449,197111,100-200kb_downstream,2,0,2,concentrated,449,SRX366169;SRX366170,cancer_lung_line=2,weak_distal_candidate,"Weak distal candidate. Tier driven by bed10 support count = 0 (any-threshold = 2). Locus is concentrated (width = 449 bp), in band 100-200kb_downstream relative to ABCA3 TSS. Candidate-level only: cancer-line ChIP does not establish developmental binding; locus-distance proximity does not establish regulatory contact."
ABCA3,chr16:2340749 (-),chr16,2155403,2155753,2155578,350,185171,100-200kb_downstream,7,3,7,concentrated,350,SRX12008014;SRX12008015;SRX12008019;SRX174817;SRX174819;SRX2164786;SRX366169,cancer_lung_line=7,strong_distal_candidate,"Strong distal candidate: warrants Hi-C / promoter-capture / perturbation follow-up. Tier driven by bed10 support count = 3 (any-threshold = 7). Locus is concentrated (width = 350 bp), in band 100-200kb_downstream relative to ABCA3 TSS. Candidate-level only: cancer-line ChIP does not establish developmental binding; locus-distance proximity does not establish regulatory contact."
ABCA3,chr16:2340749 (-),chr16,2162895,2163615,2163255,720,177494,100-200kb_downstream,4,2,4,concentrated,720,SRX12008015;SRX174819;SRX366169;SRX366170,cancer_lung_line=4,weak_distal_candidate,"Weak distal candidate. Tier driven by bed10 support count = 2 (any-threshold = 4). Locus is concentrated (width = 720 bp), in band 100-200kb_downstream relative to ABCA3 TSS. Candidate-level only: cancer-line ChIP does not establish developmental binding; locus-distance proximity does not establish regulatory contact."
ABCA3,chr16:2340749 (-),chr16,2194997,2195128,2195062,131,145687,100-200kb_downstream,1,1,1,concentrated,131,SRX2164786,cancer_lung_line=1,low_priority_or_likely_noise,"Low-priority candidate (single experiment); likely noise or cell-line-specific. Tier driven by bed10 support count = 1 (any-threshold = 1). Locus is concentrated (width = 131 bp), in band 100-200kb_downstream relative to ABCA3 TSS. Candidate-level only: cancer-line ChIP does not establish developmental binding; locus-distance proximity does not establish regulatory contact."
ABCA3,chr16:2340749 (-),chr16,2205314,2205508,2205411,194,135338,100-200kb_downstream,3,0,3,concentrated,194,SRX12008015;SRX174819;SRX2164786,cancer_lung_line=3,weak_distal_candidate,"Weak distal candidate. Tier driven by bed10 support count = 0 (any-threshold = 3). Locus is concentrated (width = 194 bp), in band 100-200kb_downstream relative to ABCA3 TSS. Candidate-level only: cancer-line ChIP does not establish developmental binding; locus-distance proximity does not establish regulatory contact."
ABCA3,chr16:2340749 (-),chr16,2219459,2219667,2219563,208,121186,100-200kb_downstream,5,2,5,concentrated,208,SRX12008015;SRX174819;SRX2164786;SRX366169;SRX366170,cancer_lung_line=5,moderate_distal_candidate,"Moderate distal candidate. Tier driven by bed10 support count = 2 (any-threshold = 5). Locus is concentrated (width = 208 bp), in band 100-200kb_downstream relative to ABCA3 TSS. Candidate-level only: cancer-line ChIP does not establish developmental binding; locus-distance proximity does not establish regulatory contact."
ABCA3,chr16:2340749 (-),chr16,2223230,2223672,2223451,442,117298,100-200kb_downstream,3,0,3,concentrated,442,SRX12008015;SRX174819;SRX366169,cancer_lung_line=3,weak_distal_candidate,"Weak distal candidate. Tier driven by bed10 support count = 0 (any-threshold = 3). Locus is concentrated (width = 442 bp), in band 100-200kb_downstream relative to ABCA3 TSS. Candidate-level only: cancer-line ChIP does not establish developmental binding; locus-distance proximity does not establish regulatory contact."
ABCA3,chr16:2340749 (-),chr16,2231273,2231642,2231457,369,109292,100-200kb_downstream,8,5,8,concentrated,369,SRX12008006;SRX12008007;SRX12008010;SRX12008017;SRX12008018;SRX2164786;SRX366169;SRX366170,cancer_lung_line=8,strong_distal_candidate,"Strong distal candidate: warrants Hi-C / promoter-capture / perturbation follow-up. Tier driven by bed10 support count = 5 (any-threshold = 8). Locus is concentrated (width = 369 bp), in band 100-200kb_downstream relative to ABCA3 TSS. Candidate-level only: cancer-line ChIP does not establish developmental binding; locus-distance proximity does not establish regulatory contact."
ABCA3,chr16:2340749 (-),chr16,2239014,2239181,2239097,167,101652,100-200kb_downstream,2,0,2,concentrated,167,SRX12008015;SRX174819,cancer_lung_line=2,weak_distal_candidate,"Weak distal candidate. Tier driven by bed10 support count = 0 (any-threshold = 2). Locus is concentrated (width = 167 bp), in band 100-200kb_downstream relative to ABCA3 TSS. Candidate-level only: cancer-line ChIP does not establish developmental binding; locus-distance proximity does not establish regulatory contact."
ABCA3,chr16:2340749 (-),chr16,2250173,2250374,2250273,201,90476,50-100kb_downstream,1,0,1,concentrated,201,SRX2164786,cancer_lung_line=1,low_priority_or_likely_noise,"Low-priority candidate (single experiment); likely noise or cell-line-specific. Tier driven by bed10 support count = 0 (any-threshold = 1). Locus is concentrated (width = 201 bp), in band 50-100kb_downstream relative to ABCA3 TSS. Candidate-level only: cancer-line ChIP does not establish developmental binding; locus-distance proximity does not establish regulatory contact."
ABCA3,chr16:2340749 (-),chr16,2251764,2252474,2252119,710,88630,50-100kb_downstream,1,0,1,concentrated,710,SRX366169,cancer_lung_line=1,low_priority_or_likely_noise,"Low-priority candidate (single experiment); likely noise or cell-line-specific. Tier driven by bed10 support count = 0 (any-threshold = 1). Locus is concentrated (width = 710 bp), in band 50-100kb_downstream relative to ABCA3 TSS. Candidate-level only: cancer-line ChIP does not establish developmental binding; locus-distance proximity does not establish regulatory contact."
ABCA3,chr16:2340749 (-),chr16,2267045,2268168,2267606,1123,73143,50-100kb_downstream,2,0,2,moderately_concentrated,1123,SRX2164786;SRX366169,cancer_lung_line=2,weak_distal_candidate,"Weak distal candidate. Tier driven by bed10 support count = 0 (any-threshold = 2). Locus is moderately_concentrated (width = 1123 bp), in band 50-100kb_downstream relative to ABCA3 TSS. Candidate-level only: cancer-line ChIP does not establish developmental binding; locus-distance proximity does not establish regulatory contact."
ABCA3,chr16:2340749 (-),chr16,2399387,2399683,2399535,296,-58786,50-100kb_upstream,5,5,5,concentrated,296,SRX12008015;SRX174819;SRX2164786;SRX366169;SRX366170,cancer_lung_line=5,strong_distal_candidate,"Strong distal candidate: warrants Hi-C / promoter-capture / perturbation follow-up. Tier driven by bed10 support count = 5 (any-threshold = 5). Locus is concentrated (width = 296 bp), in band 50-100kb_upstream relative to ABCA3 TSS. Candidate-level only: cancer-line ChIP does not establish developmental binding; locus-distance proximity does not establish regulatory contact."
ABCA3,chr16:2340749 (-),chr16,2408669,2408906,2408787,237,-68038,50-100kb_upstream,1,0,1,concentrated,237,SRX12008016,cancer_lung_line=1,low_priority_or_likely_noise,"Low-priority candidate (single experiment); likely noise or cell-line-specific. Tier driven by bed10 support count = 0 (any-threshold = 1). Locus is concentrated (width = 237 bp), in band 50-100kb_upstream relative to ABCA3 TSS. Candidate-level only: cancer-line ChIP does not establish developmental binding; locus-distance proximity does not establish regulatory contact."
ABCA3,chr16:2340749 (-),chr16,2423237,2423339,2423288,102,-82539,50-100kb_upstream,1,1,1,concentrated,102,SRX2164786,cancer_lung_line=1,low_priority_or_likely_noise,"Low-priority candidate (single experiment); likely noise or cell-line-specific. Tier driven by bed10 support count = 1 (any-threshold = 1). Locus is concentrated (width = 102 bp), in band 50-100kb_upstream relative to ABCA3 TSS. Candidate-level only: cancer-line ChIP does not establish developmental binding; locus-distance proximity does not establish regulatory contact."
ABCA3,chr16:2340749 (-),chr16,2458108,2458412,2458260,304,-117511,100-200kb_upstream,4,1,4,concentrated,304,SRX12008015;SRX174819;SRX366169;SRX366170,cancer_lung_line=4,weak_distal_candidate,"Weak distal candidate. Tier driven by bed10 support count = 1 (any-threshold = 4). Locus is concentrated (width = 304 bp), in band 100-200kb_upstream relative to ABCA3 TSS. Candidate-level only: cancer-line ChIP does not establish developmental binding; locus-distance proximity does not establish regulatory contact."
ABCA3,chr16:2340749 (-),chr16,2459863,2460090,2459976,227,-119227,100-200kb_upstream,2,0,2,concentrated,227,SRX12008015;SRX174819,cancer_lung_line=2,weak_distal_candidate,"Weak distal candidate. Tier driven by bed10 support count = 0 (any-threshold = 2). Locus is concentrated (width = 227 bp), in band 100-200kb_upstream relative to ABCA3 TSS. Candidate-level only: cancer-line ChIP does not establish developmental binding; locus-distance proximity does not establish regulatory contact."
ABCA3,chr16:2340749 (-),chr16,2465719,2465798,2465758,79,-125009,100-200kb_upstream,1,0,1,concentrated,79,SRX2164786,cancer_lung_line=1,low_priority_or_likely_noise,"Low-priority candidate (single experiment); likely noise or cell-line-specific. Tier driven by bed10 support count = 0 (any-threshold = 1). Locus is concentrated (width = 79 bp), in band 100-200kb_upstream relative to ABCA3 TSS. Candidate-level only: cancer-line ChIP does not establish developmental binding; locus-distance proximity does not establish regulatory contact."
ABCA3,chr16:2340749 (-),chr16,2468886,2469137,2469011,251,-128262,100-200kb_upstream,2,0,2,concentrated,251,SRX12008006;SRX12008017,cancer_lung_line=2,weak_distal_candidate,"Weak distal candidate. Tier driven by bed10 support count = 0 (any-threshold = 2). Locus is concentrated (width = 251 bp), in band 100-200kb_upstream relative to ABCA3 TSS. Candidate-level only: cancer-line ChIP does not establish developmental binding; locus-distance proximity does not establish regulatory contact."
ABCA3,chr16:2340749 (-),chr16,2470517,2470824,2470670,307,-129921,100-200kb_upstream,6,2,6,concentrated,307,SRX12008006;SRX12008007;SRX12008008;SRX12008011;SRX12008018;SRX2164786,cancer_lung_line=6,moderate_distal_candidate,"Moderate distal candidate. Tier driven by bed10 support count = 2 (any-threshold = 6). Locus is concentrated (width = 307 bp), in band 100-200kb_upstream relative to ABCA3 TSS. Candidate-level only: cancer-line ChIP does not establish developmental binding; locus-distance proximity does not establish regulatory contact."
ABCA3,chr16:2340749 (-),chr16,2480913,2481025,2480969,112,-140220,100-200kb_upstream,1,0,1,concentrated,112,SRX2164786,cancer_lung_line=1,low_priority_or_likely_noise,"Low-priority candidate (single experiment); likely noise or cell-line-specific. Tier driven by bed10 support count = 0 (any-threshold = 1). Locus is concentrated (width = 112 bp), in band 100-200kb_upstream relative to ABCA3 TSS. Candidate-level only: cancer-line ChIP does not establish developmental binding; locus-distance proximity does not establish regulatory contact."
ABCA3,chr16:2340749 (-),chr16,2482919,2483699,2483309,780,-142560,100-200kb_upstream,4,2,4,concentrated,780,SRX12008006;SRX12008017;SRX366169;SRX366170,cancer_lung_line=4,weak_distal_candidate,"Weak distal candidate. Tier driven by bed10 support count = 2 (any-threshold = 4). Locus is concentrated (width = 780 bp), in band 100-200kb_upstream relative to ABCA3 TSS. Candidate-level only: cancer-line ChIP does not establish developmental binding; locus-distance proximity does not establish regulatory contact."
ABCA3,chr16:2340749 (-),chr16,2490817,2491230,2491023,413,-150274,100-200kb_upstream,9,7,9,concentrated,413,SRX12008006;SRX12008007;SRX12008008;SRX12008009;SRX12008010;SRX12008011;SRX12008017;SRX12008018;SRX12008019,cancer_lung_line=9,strong_distal_candidate,"Strong distal candidate: warrants Hi-C / promoter-capture / perturbation follow-up. Tier driven by bed10 support count = 7 (any-threshold = 9). Locus is concentrated (width = 413 bp), in band 100-200kb_upstream relative to ABCA3 TSS. Candidate-level only: cancer-line ChIP does not establish developmental binding; locus-distance proximity does not establish regulatory contact."
ABCA3,chr16:2340749 (-),chr16,2494637,2494999,2494818,362,-154069,100-200kb_upstream,3,3,3,concentrated,362,SRX2164786;SRX366169;SRX366170,cancer_lung_line=3,moderate_distal_candidate,"Moderate distal candidate. Tier driven by bed10 support count = 3 (any-threshold = 3). Locus is concentrated (width = 362 bp), in band 100-200kb_upstream relative to ABCA3 TSS. Candidate-level only: cancer-line ChIP does not establish developmental binding; locus-distance proximity does not establish regulatory contact."
ABCA3,chr16:2340749 (-),chr16,2501324,2501430,2501377,106,-160628,100-200kb_upstream,1,0,1,concentrated,106,SRX2164786,cancer_lung_line=1,low_priority_or_likely_noise,"Low-priority candidate (single experiment); likely noise or cell-line-specific. Tier driven by bed10 support count = 0 (any-threshold = 1). Locus is concentrated (width = 106 bp), in band 100-200kb_upstream relative to ABCA3 TSS. Candidate-level only: cancer-line ChIP does not establish developmental binding; locus-distance proximity does not establish regulatory contact."
ABCA3,chr16:2340749 (-),chr16,2504406,2504591,2504498,185,-163749,100-200kb_upstream,1,0,1,concentrated,185,SRX12008018,cancer_lung_line=1,low_priority_or_likely_noise,"Low-priority candidate (single experiment); likely noise or cell-line-specific. Tier driven by bed10 support count = 0 (any-threshold = 1). Locus is concentrated (width = 185 bp), in band 100-200kb_upstream relative to ABCA3 TSS. Candidate-level only: cancer-line ChIP does not establish developmental binding; locus-distance proximity does not establish regulatory contact."
ABCA3,chr16:2340749 (-),chr16,2531911,2532111,2532011,200,-191262,100-200kb_upstream,3,0,3,concentrated,200,SRX12008015;SRX174819;SRX366169,cancer_lung_line=3,weak_distal_candidate,"Weak distal candidate. Tier driven by bed10 support count = 0 (any-threshold = 3). Locus is concentrated (width = 200 bp), in band 100-200kb_upstream relative to ABCA3 TSS. Candidate-level only: cancer-line ChIP does not establish developmental binding; locus-distance proximity does not establish regulatory contact."
ABCA3,chr16:2340749 (-),chr16,2537026,2537128,2537077,102,-196328,100-200kb_upstream,1,0,1,concentrated,102,SRX2164786,cancer_lung_line=1,low_priority_or_likely_noise,"Low-priority candidate (single experiment); likely noise or cell-line-specific. Tier driven by bed10 support count = 0 (any-threshold = 1). Locus is concentrated (width = 102 bp), in band 100-200kb_upstream relative to ABCA3 TSS. Candidate-level only: cancer-line ChIP does not establish developmental binding; locus-distance proximity does not establish regulatory contact."
FOXA2,chr20:22585455 (-),chr20,22386157,22386239,22386198,82,199257,100-200kb_downstream,1,0,1,concentrated,82,SRX2164786,cancer_lung_line=1,low_priority_or_likely_noise,"Low-priority candidate (single experiment); likely noise or cell-line-specific. Tier driven by bed10 support count = 0 (any-threshold = 1). Locus is concentrated (width = 82 bp), in band 100-200kb_downstream relative to FOXA2 TSS. Candidate-level only: cancer-line ChIP does not establish developmental binding; locus-distance proximity does not establish regulatory contact."
FOXA2,chr20:22585455 (-),chr20,22390152,22390606,22390379,454,195076,100-200kb_downstream,5,5,5,concentrated,454,SRX12008015;SRX174819;SRX2164786;SRX366169;SRX366170,cancer_lung_line=5,strong_distal_candidate,"Strong distal candidate: warrants Hi-C / promoter-capture / perturbation follow-up. Tier driven by bed10 support count = 5 (any-threshold = 5). Locus is concentrated (width = 454 bp), in band 100-200kb_downstream relative to FOXA2 TSS. Candidate-level only: cancer-line ChIP does not establish developmental binding; locus-distance proximity does not establish regulatory contact."
FOXA2,chr20:22585455 (-),chr20,22411569,22412164,22411866,595,173589,100-200kb_downstream,1,1,1,concentrated,595,SRX2164786,cancer_lung_line=1,low_priority_or_likely_noise,"Low-priority candidate (single experiment); likely noise or cell-line-specific. Tier driven by bed10 support count = 1 (any-threshold = 1). Locus is concentrated (width = 595 bp), in band 100-200kb_downstream relative to FOXA2 TSS. Candidate-level only: cancer-line ChIP does not establish developmental binding; locus-distance proximity does not establish regulatory contact."
FOXA2,chr20:22585455 (-),chr20,22423500,22423601,22423550,101,161905,100-200kb_downstream,1,1,1,concentrated,101,SRX2164786,cancer_lung_line=1,low_priority_or_likely_noise,"Low-priority candidate (single experiment); likely noise or cell-line-specific. Tier driven by bed10 support count = 1 (any-threshold = 1). Locus is concentrated (width = 101 bp), in band 100-200kb_downstream relative to FOXA2 TSS. Candidate-level only: cancer-line ChIP does not establish developmental binding; locus-distance proximity does not establish regulatory contact."
FOXA2,chr20:22585455 (-),chr20,22425778,22425886,22425832,108,159623,100-200kb_downstream,1,0,1,concentrated,108,SRX2164786,cancer_lung_line=1,low_priority_or_likely_noise,"Low-priority candidate (single experiment); likely noise or cell-line-specific. Tier driven by bed10 support count = 0 (any-threshold = 1). Locus is concentrated (width = 108 bp), in band 100-200kb_downstream relative to FOXA2 TSS. Candidate-level only: cancer-line ChIP does not establish developmental binding; locus-distance proximity does not establish regulatory contact."
FOXA2,chr20:22585455 (-),chr20,22428161,22428385,22428273,224,157182,100-200kb_downstream,4,3,4,concentrated,224,SRX12008015;SRX174819;SRX2164786;SRX366169,cancer_lung_line=4,moderate_distal_candidate,"Moderate distal candidate. Tier driven by bed10 support count = 3 (any-threshold = 4). Locus is concentrated (width = 224 bp), in band 100-200kb_downstream relative to FOXA2 TSS. Candidate-level only: cancer-line ChIP does not establish developmental binding; locus-distance proximity does not establish regulatory contact."
FOXA2,chr20:22585455 (-),chr20,22430158,22430410,22430284,252,155171,100-200kb_downstream,3,1,3,concentrated,252,SRX12008015;SRX174819;SRX2164786,cancer_lung_line=3,weak_distal_candidate,"Weak distal candidate. Tier driven by bed10 support count = 1 (any-threshold = 3). Locus is concentrated (width = 252 bp), in band 100-200kb_downstream relative to FOXA2 TSS. Candidate-level only: cancer-line ChIP does not establish developmental binding; locus-distance proximity does not establish regulatory contact."
FOXA2,chr20:22585455 (-),chr20,22437460,22437661,22437560,201,147895,100-200kb_downstream,4,1,4,concentrated,201,SRX12008015;SRX174819;SRX2164786;SRX366169,cancer_lung_line=4,weak_distal_candidate,"Weak distal candidate. Tier driven by bed10 support count = 1 (any-threshold = 4). Locus is concentrated (width = 201 bp), in band 100-200kb_downstream relative to FOXA2 TSS. Candidate-level only: cancer-line ChIP does not establish developmental binding; locus-distance proximity does not establish regulatory contact."
FOXA2,chr20:22585455 (-),chr20,22449409,22449656,22449532,247,135923,100-200kb_downstream,2,2,2,concentrated,247,SRX12008015;SRX174819,cancer_lung_line=2,weak_distal_candidate,"Weak distal candidate. Tier driven by bed10 support count = 2 (any-threshold = 2). Locus is concentrated (width = 247 bp), in band 100-200kb_downstream relative to FOXA2 TSS. Candidate-level only: cancer-line ChIP does not establish developmental binding; locus-distance proximity does not establish regulatory contact."
FOXA2,chr20:22585455 (-),chr20,22453398,22453515,22453456,117,131999,100-200kb_downstream,1,1,1,concentrated,117,SRX2164786,cancer_lung_line=1,low_priority_or_likely_noise,"Low-priority candidate (single experiment); likely noise or cell-line-specific. Tier driven by bed10 support count = 1 (any-threshold = 1). Locus is concentrated (width = 117 bp), in band 100-200kb_downstream relative to FOXA2 TSS. Candidate-level only: cancer-line ChIP does not establish developmental binding; locus-distance proximity does not establish regulatory contact."
FOXA2,chr20:22585455 (-),chr20,22463535,22464025,22463780,490,121675,100-200kb_downstream,12,8,12,concentrated,490,SRX12008006;SRX12008007;SRX12008008;SRX12008009;SRX12008010;SRX12008015;SRX12008016;SRX12008018;SRX12008020;SRX174819;SRX2164786;SRX2164788,cancer_lung_line=12,strong_distal_candidate,"Strong distal candidate: warrants Hi-C / promoter-capture / perturbation follow-up. Tier driven by bed10 support count = 8 (any-threshold = 12). Locus is concentrated (width = 490 bp), in band 100-200kb_downstream relative to FOXA2 TSS. Candidate-level only: cancer-line ChIP does not establish developmental binding; locus-distance proximity does not establish regulatory contact."
FOXA2,chr20:22585455 (-),chr20,22465058,22465198,22465128,140,120327,100-200kb_downstream,1,0,1,concentrated,140,SRX2164786,cancer_lung_line=1,low_priority_or_likely_noise,"Low-priority candidate (single experiment); likely noise or cell-line-specific. Tier driven by bed10 support count = 0 (any-threshold = 1). Locus is concentrated (width = 140 bp), in band 100-200kb_downstream relative to FOXA2 TSS. Candidate-level only: cancer-line ChIP does not establish developmental binding; locus-distance proximity does not establish regulatory contact."
FOXA2,chr20:22585455 (-),chr20,22471505,22471817,22471661,312,113794,100-200kb_downstream,5,3,5,concentrated,312,SRX12008015;SRX174819;SRX2164786;SRX366169;SRX366170,cancer_lung_line=5,moderate_distal_candidate,"Moderate distal candidate. Tier driven by bed10 support count = 3 (any-threshold = 5). Locus is concentrated (width = 312 bp), in band 100-200kb_downstream relative to FOXA2 TSS. Candidate-level only: cancer-line ChIP does not establish developmental binding; locus-distance proximity does not establish regulatory contact."
FOXA2,chr20:22585455 (-),chr20,22490336,22490442,22490389,106,95066,50-100kb_downstream,1,0,1,concentrated,106,SRX2164786,cancer_lung_line=1,low_priority_or_likely_noise,"Low-priority candidate (single experiment); likely noise or cell-line-specific. Tier driven by bed10 support count = 0 (any-threshold = 1). Locus is concentrated (width = 106 bp), in band 50-100kb_downstream relative to FOXA2 TSS. Candidate-level only: cancer-line ChIP does not establish developmental binding; locus-distance proximity does not establish regulatory contact."
FOXA2,chr20:22585455 (-),chr20,22495296,22495513,22495404,217,90051,50-100kb_downstream,1,0,1,concentrated,217,SRX12008020,cancer_lung_line=1,low_priority_or_likely_noise,"Low-priority candidate (single experiment); likely noise or cell-line-specific. Tier driven by bed10 support count = 0 (any-threshold = 1). Locus is concentrated (width = 217 bp), in band 50-100kb_downstream relative to FOXA2 TSS. Candidate-level only: cancer-line ChIP does not establish developmental binding; locus-distance proximity does not establish regulatory contact."
FOXA2,chr20:22585455 (-),chr20,22499648,22500064,22499856,416,85599,50-100kb_downstream,1,0,1,concentrated,416,SRX12008019,cancer_lung_line=1,low_priority_or_likely_noise,"Low-priority candidate (single experiment); likely noise or cell-line-specific. Tier driven by bed10 support count = 0 (any-threshold = 1). Locus is concentrated (width = 416 bp), in band 50-100kb_downstream relative to FOXA2 TSS. Candidate-level only: cancer-line ChIP does not establish developmental binding; locus-distance proximity does not establish regulatory contact."
FOXA2,chr20:22585455 (-),chr20,22684145,22684250,22684197,105,-98742,50-100kb_upstream,1,0,1,concentrated,105,SRX2164786,cancer_lung_line=1,low_priority_or_likely_noise,"Low-priority candidate (single experiment); likely noise or cell-line-specific. Tier driven by bed10 support count = 0 (any-threshold = 1). Locus is concentrated (width = 105 bp), in band 50-100kb_upstream relative to FOXA2 TSS. Candidate-level only: cancer-line ChIP does not establish developmental binding; locus-distance proximity does not establish regulatory contact."
FOXA2,chr20:22585455 (-),chr20,22691775,22691860,22691817,85,-106362,100-200kb_upstream,1,0,1,concentrated,85,SRX2164786,cancer_lung_line=1,low_priority_or_likely_noise,"Low-priority candidate (single experiment); likely noise or cell-line-specific. Tier driven by bed10 support count = 0 (any-threshold = 1). Locus is concentrated (width = 85 bp), in band 100-200kb_upstream relative to FOXA2 TSS. Candidate-level only: cancer-line ChIP does not establish developmental binding; locus-distance proximity does not establish regulatory contact."
FOXA2,chr20:22585455 (-),chr20,22700234,22700930,22700582,696,-115127,100-200kb_upstream,3,1,3,concentrated,696,SRX12008014;SRX174817;SRX2164786,cancer_lung_line=3,weak_distal_candidate,"Weak distal candidate. Tier driven by bed10 support count = 1 (any-threshold = 3). Locus is concentrated (width = 696 bp), in band 100-200kb_upstream relative to FOXA2 TSS. Candidate-level only: cancer-line ChIP does not establish developmental binding; locus-distance proximity does not establish regulatory contact."
FOXA2,chr20:22585455 (-),chr20,22712481,22712697,22712589,216,-127134,100-200kb_upstream,5,2,5,concentrated,216,SRX12008015;SRX174819;SRX2164786;SRX366169;SRX366170,cancer_lung_line=5,moderate_distal_candidate,"Moderate distal candidate. Tier driven by bed10 support count = 2 (any-threshold = 5). Locus is concentrated (width = 216 bp), in band 100-200kb_upstream relative to FOXA2 TSS. Candidate-level only: cancer-line ChIP does not establish developmental binding; locus-distance proximity does not establish regulatory contact."
FOXA2,chr20:22585455 (-),chr20,22716796,22717928,22717362,1132,-131907,100-200kb_upstream,8,7,8,moderately_concentrated,1132,SRX12008014;SRX12008015;SRX174817;SRX174819;SRX2164786;SRX2164788;SRX366169;SRX366170,cancer_lung_line=8,strong_distal_candidate,"Strong distal candidate: warrants Hi-C / promoter-capture / perturbation follow-up. Tier driven by bed10 support count = 7 (any-threshold = 8). Locus is moderately_concentrated (width = 1132 bp), in band 100-200kb_upstream relative to FOXA2 TSS. Candidate-level only: cancer-line ChIP does not establish developmental binding; locus-distance proximity does not establish regulatory contact."
FOXA2,chr20:22585455 (-),chr20,22723739,22723981,22723860,242,-138405,100-200kb_upstream,3,2,3,concentrated,242,SRX2164786;SRX366169;SRX366170,cancer_lung_line=3,weak_distal_candidate,"Weak distal candidate. Tier driven by bed10 support count = 2 (any-threshold = 3). Locus is concentrated (width = 242 bp), in band 100-200kb_upstream relative to FOXA2 TSS. Candidate-level only: cancer-line ChIP does not establish developmental binding; locus-distance proximity does not establish regulatory contact."
FOXA2,chr20:22585455 (-),chr20,22729215,22730002,22729608,787,-144153,100-200kb_upstream,2,1,2,concentrated,787,SRX2164786;SRX366169,cancer_lung_line=2,weak_distal_candidate,"Weak distal candidate. Tier driven by bed10 support count = 1 (any-threshold = 2). Locus is concentrated (width = 787 bp), in band 100-200kb_upstream relative to FOXA2 TSS. Candidate-level only: cancer-line ChIP does not establish developmental binding; locus-distance proximity does not establish regulatory contact."
FOXA2,chr20:22585455 (-),chr20,22735014,22735290,22735152,276,-149697,100-200kb_upstream,5,4,5,concentrated,276,SRX12008015;SRX174819;SRX2164786;SRX366169;SRX366170,cancer_lung_line=5,moderate_distal_candidate,"Moderate distal candidate. Tier driven by bed10 support count = 4 (any-threshold = 5). Locus is concentrated (width = 276 bp), in band 100-200kb_upstream relative to FOXA2 TSS. Candidate-level only: cancer-line ChIP does not establish developmental binding; locus-distance proximity does not establish regulatory contact."
FOXA2,chr20:22585455 (-),chr20,22750689,22750979,22750834,290,-165379,100-200kb_upstream,2,1,2,concentrated,290,SRX12008014;SRX2164786,cancer_lung_line=2,weak_distal_candidate,"Weak distal candidate. Tier driven by bed10 support count = 1 (any-threshold = 2). Locus is concentrated (width = 290 bp), in band 100-200kb_upstream relative to FOXA2 TSS. Candidate-level only: cancer-line ChIP does not establish developmental binding; locus-distance proximity does not establish regulatory contact."
FOXA2,chr20:22585455 (-),chr20,22762654,22764077,22763365,1423,-177910,100-200kb_upstream,5,3,5,moderately_concentrated,1423,SRX12008015;SRX174819;SRX2164786;SRX2164788;SRX366169,cancer_lung_line=5,moderate_distal_candidate,"Moderate distal candidate. Tier driven by bed10 support count = 3 (any-threshold = 5). Locus is moderately_concentrated (width = 1423 bp), in band 100-200kb_upstream relative to FOXA2 TSS. Candidate-level only: cancer-line ChIP does not establish developmental binding; locus-distance proximity does not establish regulatory contact."
FOXA2,chr20:22585455 (-),chr20,22771851,22772092,22771971,241,-186516,100-200kb_upstream,2,0,2,concentrated,241,SRX12008015;SRX174819,cancer_lung_line=2,weak_distal_candidate,"Weak distal candidate. Tier driven by bed10 support count = 0 (any-threshold = 2). Locus is concentrated (width = 241 bp), in band 100-200kb_upstream relative to FOXA2 TSS. Candidate-level only: cancer-line ChIP does not establish developmental binding; locus-distance proximity does not establish regulatory contact."
FOXA2,chr20:22585455 (-),chr20,22773414,22773665,22773539,251,-188084,100-200kb_upstream,1,1,1,concentrated,251,SRX2164786,cancer_lung_line=1,low_priority_or_likely_noise,"Low-priority candidate (single experiment); likely noise or cell-line-specific. Tier driven by bed10 support count = 1 (any-threshold = 1). Locus is concentrated (width = 251 bp), in band 100-200kb_upstream relative to FOXA2 TSS. Candidate-level only: cancer-line ChIP does not establish developmental binding; locus-distance proximity does not establish regulatory contact."
FOXA2,chr20:22585455 (-),chr20,22775144,22776155,22775649,1011,-190194,100-200kb_upstream,3,2,3,moderately_concentrated,1011,SRX2164786;SRX366169;SRX366170,cancer_lung_line=3,weak_distal_candidate,"Weak distal candidate. Tier driven by bed10 support count = 2 (any-threshold = 3). Locus is moderately_concentrated (width = 1011 bp), in band 100-200kb_upstream relative to FOXA2 TSS. Candidate-level only: cancer-line ChIP does not establish developmental binding; locus-distance proximity does not establish regulatory contact."
